Date,Adj Close,Close,High,Low,Open,Volume
2023-01-03,90.50245666503906,101.05000305175781,103.9000015258789,100.20999908447266,103.7300033569336,1709983
2023-01-04,92.37428283691406,103.13999938964844,103.29000091552734,101.05999755859375,101.5,2276220
2023-01-05,92.53550720214844,103.31999969482422,104.69999694824219,103.20999908447266,103.55999755859375,1693577
2023-01-06,92.41012573242188,103.18000030517578,103.56999969482422,102.5199966430664,102.87999725341797,2450188
2023-01-09,92.53550720214844,103.31999969482422,104.28500366210938,103.2699966430664,103.87999725341797,1048736
2023-01-10,92.53550720214844,103.31999969482422,104.05000305175781,102.5999984741211,102.80999755859375,1075679
2023-01-11,92.72357940673828,103.52999877929688,103.87999725341797,103.0,103.69999694824219,1092327
2023-01-12,94.20137023925781,105.18000030517578,105.3499984741211,103.79000091552734,104.30000305175781,2087584
2023-01-13,95.38357543945312,106.5,107.05999755859375,105.58999633789062,105.6500015258789,1929496
2023-01-16,96.14485931396484,107.3499984741211,107.58999633789062,106.33000183105469,106.69000244140625,1250653
2023-01-17,96.2254638671875,107.44000244140625,107.94999694824219,107.08000183105469,107.30000305175781,2328626
2023-01-18,96.4135513305664,107.6500015258789,108.0,106.87000274658203,107.55999755859375,1756089
2023-01-19,97.38976287841797,108.73999786376953,108.83000183105469,107.2300033569336,108.2300033569336,2196287
2023-01-20,97.31813049316406,108.66000366210938,109.1500015258789,108.37999725341797,108.69999694824219,3741095
2023-01-23,97.2733383178711,108.61000061035156,109.11000061035156,108.4000015258789,109.0,2377559
2023-01-24,96.77178955078125,108.05000305175781,108.54000091552734,107.3499984741211,108.4000015258789,1494747
2023-01-25,97.47038269042969,108.83000183105469,109.19999694824219,107.79000091552734,108.01000213623047,1620732
2023-01-27,98.38390350341797,109.8499984741211,109.94999694824219,108.94999694824219,109.5,2186238
2023-01-30,98.30331420898438,109.76000213623047,110.0999984741211,109.58499908447266,109.69999694824219,1465480
2023-01-31,98.57199096679688,110.05999755859375,110.44999694824219,109.62000274658203,109.86000061035156,1745314
2023-02-01,98.65259552001953,110.1500015258789,110.80999755859375,109.5999984741211,110.48999786376953,2037070
2023-02-02,98.27644348144531,109.7300033569336,110.55000305175781,109.7300033569336,110.55000305175781,2267124
2023-02-03,99.54821014404297,111.1500015258789,111.43000030517578,109.80000305175781,109.9000015258789,2487251
2023-02-06,99.1899642944336,110.75,111.37999725341797,110.38999938964844,111.19999694824219,1325884
2023-02-07,98.78693389892578,110.30000305175781,111.04000091552734,109.94999694824219,110.86000061035156,1606239
2023-02-08,98.80484008789062,110.31999969482422,110.69000244140625,110.1500015258789,110.4000015258789,1486405
2023-02-09,98.70633697509766,110.20999908447266,110.5999984741211,109.58999633789062,110.20999908447266,1378411
2023-02-10,98.47347259521484,109.94999694824219,110.19000244140625,109.55999755859375,109.8499984741211,1516258
2023-02-13,97.89131927490234,109.30000305175781,109.9000015258789,109.02999877929688,109.86000061035156,1552187
2023-02-14,97.84652709960938,109.25,110.4000015258789,109.08999633789062,110.30999755859375,1712454
2023-02-15,92.2489013671875,103.0,106.1500015258789,102.08000183105469,104.11000061035156,7122390
2023-02-16,90.90547943115234,101.5,103.30999755859375,101.37000274658203,102.36000061035156,4756659
2023-02-17,90.43080139160156,100.97000122070312,102.56999969482422,100.6500015258789,101.19999694824219,4030572
2023-02-20,91.55928039550781,102.2300033569336,102.38999938964844,100.9800033569336,101.0,1597651
2023-02-21,90.92338562011719,101.5199966430664,102.20999908447266,101.19999694824219,102.02999877929688,1842679
2023-02-22,90.72218322753906,99.19999694824219,100.1500015258789,98.45999908447266,98.69999694824219,3345735
2023-02-23,91.36235809326172,99.9000015258789,100.58000183105469,99.45999908447266,99.45999908447266,2366921
2023-02-24,92.56956481933594,101.22000122070312,101.29000091552734,99.70999908447266,99.79000091552734,2873586
2023-02-27,92.72503662109375,101.38999938964844,101.75,100.7300033569336,101.0999984741211,1875413
2023-02-28,92.08485412597656,100.69000244140625,101.70999908447266,100.45999908447266,101.22000122070312,4181654
2023-03-01,90.58501434326172,99.05000305175781,100.37000274658203,99.05000305175781,99.94999694824219,2589393
2023-03-02,88.77422332763672,97.06999969482422,99.5999984741211,97.06999969482422,99.26000213623047,3973674
2023-03-03,89.39611053466797,97.75,98.11499786376953,97.19000244140625,97.30000305175781,2835253
2023-03-06,90.1734619140625,98.5999984741211,99.2300033569336,98.0999984741211,98.19000244140625,1734529
2023-03-07,90.44783020019531,98.9000015258789,99.25,98.1500015258789,98.8499984741211,2461272
2023-03-08,89.99971008300781,98.41000366210938,98.94000244140625,97.83000183105469,98.3499984741211,1862278
2023-03-09,90.28321075439453,98.72000122070312,99.25,98.41999816894531,98.80999755859375,2100981
2023-03-10,87.34754943847656,95.51000213623047,97.11000061035156,95.2300033569336,96.80999755859375,3399512
2023-03-13,86.99087524414062,95.12000274658203,96.6500015258789,94.87999725341797,96.0,2531902
2023-03-14,87.13719940185547,95.27999877929688,95.27999877929688,93.05000305175781,93.13999938964844,4703866
2023-03-15,87.24694061279297,95.4000015258789,96.97000122070312,94.63999938964844,96.19999694824219,3162252
2023-03-16,87.1554946899414,95.30000305175781,96.1500015258789,93.3499984741211,94.0,6488332
2023-03-17,88.20720672607422,96.44999694824219,96.62999725341797,95.33999633789062,96.2300033569336,6451777
2023-03-20,87.86882781982422,96.08000183105469,97.12999725341797,95.05999755859375,95.19999694824219,2079792
2023-03-21,88.27120971679688,96.5199966430664,97.5199966430664,96.25,96.9000015258789,2225019
2023-03-22,88.8382339477539,97.13999938964844,98.76000213623047,97.13999938964844,97.9000015258789,2889674
2023-03-23,88.73763275146484,97.02999877929688,97.4000015258789,96.44999694824219,96.7699966430664,1900925
2023-03-24,87.64933013916016,95.83999633789062,96.79000091552734,95.3499984741211,96.04000091552734,2765386
2023-03-27,86.94514465332031,95.06999969482422,96.5,95.04000091552734,96.41999816894531,2040884
2023-03-28,87.85054016113281,96.05999755859375,96.58000183105469,95.5,95.5999984741211,1915223
2023-03-29,88.10660552978516,96.33999633789062,96.33999633789062,94.8499984741211,95.30999755859375,2120814
2023-03-30,89.39611053466797,97.75,97.94999694824219,97.01000213623047,97.55999755859375,2611402
2023-03-31,89.91739654541016,98.31999969482422,98.77999877929688,97.91000366210938,98.3499984741211,2549472
2023-04-03,90.78620910644531,99.2699966430664,100.0,98.55000305175781,98.58999633789062,2174951
2023-04-04,90.52099609375,98.9800033569336,99.86000061035156,98.5,99.75,1577845
2023-04-05,90.59415435791016,99.05999755859375,99.58999633789062,98.66999816894531,98.69000244140625,1535460
2023-04-06,90.5484390258789,99.01000213623047,99.4800033569336,98.32499694824219,99.4000015258789,1780447
2023-04-11,91.23433685302734,99.76000213623047,100.0999984741211,99.43000030517578,99.70999908447266,1821000
2023-04-12,90.7496337890625,99.2300033569336,100.36000061035156,98.68000030517578,100.3499984741211,1656007
2023-04-13,89.82593536376953,98.22000122070312,99.48999786376953,98.19999694824219,99.23999786376953,1668839
2023-04-14,90.63987731933594,99.11000061035156,99.27999877929688,98.19999694824219,98.22000122070312,1352457
2023-04-17,91.21603393554688,99.73999786376953,100.4800033569336,99.56999969482422,100.0,2059296
2023-04-18,90.90509796142578,99.4000015258789,99.62000274658203,99.12000274658203,99.12000274658203,1848784
2023-04-19,90.87765502929688,99.37000274658203,99.66999816894531,99.06999969482422,99.37999725341797,982903
2023-04-20,92.2951889038086,100.91999816894531,101.30999755859375,99.75,99.95999908447266,2447545
2023-04-21,91.27091979980469,99.80000305175781,100.61000061035156,98.69999694824219,100.5,3084544
2023-04-24,91.55442810058594,100.11000061035156,100.77999877929688,100.04000091552734,100.44999694824219,1002073
2023-04-26,91.35321807861328,99.88999938964844,100.30000305175781,99.22000122070312,100.0,2063264
2023-04-27,90.63072967529297,99.0999984741211,100.0,98.79000091552734,99.95999908447266,1423491
2023-04-28,90.86851501464844,99.36000061035156,100.23999786376953,99.16999816894531,99.58000183105469,2869131
2023-05-01,91.8562240600586,100.44000244140625,100.5999984741211,99.58000183105469,99.95999908447266,1471474
2023-05-02,91.54528045654297,100.0999984741211,100.94999694824219,99.61000061035156,100.79000091552734,2179624
2023-05-03,89.88996124267578,98.29000091552734,98.88999938964844,97.93000030517578,98.80000305175781,2145783
2023-05-04,87.57618713378906,95.76000213623047,97.23999786376953,94.81999969482422,95.94000244140625,2992222
2023-05-05,87.91456604003906,96.12999725341797,96.4800033569336,94.37000274658203,95.5999984741211,2799731
2023-05-08,88.8199462890625,97.12000274658203,97.54000091552734,96.30999755859375,97.0,2193033
2023-05-09,89.02114868164062,97.33999633789062,97.77999877929688,95.44999694824219,96.5999984741211,2406124
2023-05-10,89.48756408691406,97.8499984741211,97.8499984741211,96.69000244140625,96.94000244140625,2373018
2023-05-11,89.94483184814453,98.3499984741211,98.86000061035156,97.88500213623047,98.83000183105469,2072546
2023-05-12,90.50270080566406,98.95999908447266,99.18000030517578,98.36000061035156,98.8499984741211,1916311
2023-05-15,90.08201599121094,98.5,98.75,98.16999816894531,98.52999877929688,1288706
2023-05-16,89.24978637695312,97.58999633789062,98.94000244140625,97.58999633789062,98.30000305175781,2441266
2023-05-17,88.8382339477539,97.13999938964844,97.30000305175781,96.01000213623047,97.11000061035156,2147154
2023-05-18,89.62474060058594,98.0,98.41999816894531,97.76000213623047,98.37000274658203,2118783
2023-05-19,91.27091979980469,99.80000305175781,99.87000274658203,98.66999816894531,98.80000305175781,3056096
2023-05-22,90.44783020019531,98.9000015258789,99.80000305175781,98.5999984741211,99.69000244140625,1376062
2023-05-23,90.9416732788086,99.44000244140625,99.93000030517578,98.68000030517578,98.9000015258789,2886469
2023-05-24,91.38980865478516,99.93000030517578,99.9800033569336,98.83999633789062,99.19999694824219,1818274
2023-05-25,89.36866760253906,97.72000122070312,99.66999816894531,97.69499969482422,99.4000015258789,2862243
2023-05-26,89.77107238769531,98.16000366210938,98.68000030517578,97.79000091552734,97.80000305175781,1923403
2023-05-29,91.0605697631836,99.56999969482422,99.69000244140625,98.8499984741211,99.36000061035156,1530222
2023-05-30,90.70389556884766,99.18000030517578,99.69999694824219,98.7300033569336,99.19999694824219,1617947
2023-05-31,88.50900268554688,96.77999877929688,99.0,96.77999877929688,98.88999938964844,11931674
2023-06-01,88.52730560302734,96.80000305175781,97.62000274658203,96.30000305175781,96.5199966430664,2109961
2023-06-02,88.62789916992188,96.91000366210938,97.58999633789062,96.26000213623047,97.19999694824219,2569521
2023-06-05,89.16747283935547,97.5,98.01000213623047,97.22000122070312,97.55999755859375,2085675
2023-06-06,88.30780792236328,96.55999755859375,97.19000244140625,96.4000015258789,96.87999725341797,2041599
2023-06-07,87.51216125488281,95.69000244140625,97.0,95.69000244140625,96.75,2178339
2023-06-08,87.695068359375,95.88999938964844,95.9800033569336,95.31999969482422,95.61000061035156,2346149
2023-06-09,87.61276245117188,95.80000305175781,96.12000274658203,95.5999984741211,95.73999786376953,1579114
2023-06-13,88.27120971679688,96.5199966430664,96.5999984741211,95.9000015258789,95.9800033569336,1973419
2023-06-14,89.048583984375,97.37000274658203,97.55000305175781,96.5999984741211,97.0,2971378
2023-06-15,89.6156005859375,97.98999786376953,98.25,97.41000366210938,97.6500015258789,2837488
2023-06-16,90.85935974121094,99.3499984741211,99.3499984741211,98.05999755859375,98.30000305175781,6702838
2023-06-19,91.92023468017578,100.51000213623047,100.81999969482422,99.44999694824219,99.66000366210938,2771173
2023-06-20,92.93537139892578,101.62000274658203,101.97000122070312,100.36000061035156,100.80000305175781,2698905
2023-06-21,92.99024200439453,101.68000030517578,102.48999786376953,101.58499908447266,102.19999694824219,2594424
2023-06-22,91.52699279785156,100.08000183105469,101.58999633789062,99.97000122070312,101.51000213623047,2313609
2023-06-23,90.0911636352539,98.51000213623047,99.80000305175781,98.0,99.5999984741211,2750925
2023-06-26,89.56072235107422,97.93000030517578,98.5,97.48999786376953,98.37999725341797,2559460
2023-06-27,90.01799774169922,98.43000030517578,99.2699966430664,98.43000030517578,98.55000305175781,2139922
2023-06-28,91.03313446044922,99.54000091552734,99.94000244140625,98.62999725341797,98.69999694824219,2391541
2023-06-29,91.51783752441406,100.06999969482422,100.69000244140625,99.80000305175781,99.9000015258789,1593529
2023-06-30,91.70073699951172,100.2699966430664,100.30000305175781,99.55500030517578,100.16000366210938,2603014
2023-07-03,92.31348419189453,100.94000244140625,100.97000122070312,99.77999877929688,100.30000305175781,2147940
2023-07-04,93.53895568847656,102.27999877929688,102.4000015258789,100.41999816894531,101.05000305175781,2188463
2023-07-05,93.08170318603516,101.77999877929688,102.38999938964844,101.4000015258789,102.11000061035156,2156097
2023-07-06,91.8470687866211,100.43000030517578,101.45999908447266,100.12999725341797,101.05999755859375,2182248
2023-07-07,90.2923583984375,98.7300033569336,99.41999816894531,98.41000366210938,99.2300033569336,2017705
2023-07-10,90.10030364990234,98.5199966430664,99.47000122070312,98.31999969482422,99.13999938964844,1152141
2023-07-11,91.1063003540039,99.62000274658203,99.62000274658203,98.7300033569336,98.97000122070312,1793004
2023-07-12,90.67646789550781,99.1500015258789,100.1500015258789,99.1500015258789,100.01000213623047,1765254
2023-07-13,92.02084350585938,100.62000274658203,100.8550033569336,99.70999908447266,100.13999938964844,3171603
2023-07-14,92.67015075683594,101.33000183105469,101.58999633789062,100.58999633789062,100.87999725341797,2083622
2023-07-17,93.16401672363281,101.87000274658203,101.91000366210938,101.19999694824219,101.44999694824219,1608226
2023-07-18,93.80418395996094,102.56999969482422,103.0999984741211,102.11000061035156,102.30000305175781,2084918
2023-07-19,95.70642852783203,104.6500015258789,104.6500015258789,103.23999786376953,103.83999633789062,3567951
2023-07-20,96.2551498413086,105.25,106.2300033569336,104.69999694824219,105.5,3465003
2023-07-21,95.6149673461914,104.55000305175781,105.06999969482422,104.16999816894531,104.8499984741211,3354092
2023-07-24,95.50521850585938,104.43000030517578,105.30000305175781,104.33000183105469,105.30000305175781,1554919
2023-07-25,95.29486846923828,104.19999694824219,104.4000015258789,103.51000213623047,104.4000015258789,1520910
2023-07-26,96.0265121459961,105.0,105.7699966430664,103.66999816894531,103.93000030517578,1631244
2023-07-27,97.42575073242188,106.52999877929688,107.08999633789062,105.30000305175781,105.4000015258789,2544987
2023-07-28,96.48377990722656,105.5,106.08999633789062,104.81999969482422,105.51000213623047,1880770
2023-07-31,96.67583465576172,105.70999908447266,105.9800033569336,104.93000030517578,105.76000213623047,1265049
2023-08-01,96.80387115478516,105.8499984741211,106.19999694824219,104.83999633789062,105.22000122070312,1440788
2023-08-02,94.61812591552734,103.45999908447266,105.3499984741211,103.08999633789062,105.2300033569336,2074443
2023-08-03,93.70358276367188,102.45999908447266,103.33999633789062,102.05999755859375,102.95999908447266,2890772
2023-08-04,93.16401672363281,101.87000274658203,103.1500015258789,101.69999694824219,102.69999694824219,2687798
2023-08-07,93.14571380615234,101.8499984741211,102.22000122070312,101.48999786376953,102.08999633789062,2771020
2023-08-08,93.47494506835938,102.20999908447266,102.58000183105469,101.93000030517578,102.4000015258789,3241229
2023-08-09,95.88932800292969,104.8499984741211,105.22000122070312,103.55000305175781,104.80999755859375,2635786
2023-08-10,95.54180145263672,104.47000122070312,104.69000244140625,103.12000274658203,103.81999969482422,2461857
2023-08-11,95.47779083251953,104.4000015258789,105.0,104.0199966430664,104.30999755859375,1734661
2023-08-14,94.83761596679688,103.69999694824219,104.12999725341797,103.41000366210938,103.62999725341797,2624230
2023-08-15,94.66385650634766,103.51000213623047,104.19000244140625,103.3499984741211,104.0,1631886
2023-08-16,93.4280014038086,99.79000091552734,100.4800033569336,99.4800033569336,100.0199966430664,4423573
2023-08-17,93.29692840576172,99.6500015258789,99.9000015258789,98.66999816894531,99.9000015258789,3049916
2023-08-18,92.73518371582031,99.05000305175781,99.45999908447266,98.55000305175781,99.20999908447266,2430138
2023-08-21,92.17343139648438,98.44999694824219,99.58000183105469,98.31999969482422,98.91999816894531,2651338
2023-08-22,92.37940216064453,98.66999816894531,98.66999816894531,97.69000244140625,98.08999633789062,3070402
2023-08-23,93.10967254638672,99.44999694824219,99.83999633789062,98.0,98.19999694824219,3375196
2023-08-24,94.19573211669922,100.61000061035156,100.83999633789062,99.5999984741211,100.0999984741211,2630712
2023-08-25,93.22203063964844,99.56999969482422,100.2699966430664,99.37000274658203,100.23999786376953,2301999
2023-08-28,94.35488891601562,100.77999877929688,100.80999755859375,99.73999786376953,99.80000305175781,1652565
2023-08-29,94.58894348144531,101.02999877929688,101.44999694824219,100.4800033569336,101.38999938964844,1519428
2023-08-30,95.34729766845703,101.83999633789062,102.46499633789062,101.5,101.62999725341797,1810483
2023-08-31,95.66563415527344,102.18000030517578,102.44999694824219,101.61000061035156,101.83000183105469,3576801
2023-09-01,94.8885498046875,101.3499984741211,102.0,101.19999694824219,101.69999694824219,1596631
2023-09-04,95.5064697265625,102.01000213623047,102.2699966430664,101.56999969482422,101.69000244140625,1425483
2023-09-05,95.70307922363281,102.22000122070312,102.29000091552734,101.75,102.0999984741211,1274211
2023-09-06,95.03834533691406,101.51000213623047,103.18000030517578,101.29499816894531,102.75,2000414
2023-09-07,94.46723175048828,100.9000015258789,101.37999725341797,100.30999755859375,101.0,1721897
2023-09-08,94.38296508789062,100.80999755859375,101.47000122070312,100.1500015258789,101.2300033569336,1271405
2023-09-11,95.53455352783203,102.04000091552734,102.18000030517578,100.55000305175781,100.80000305175781,1707461
2023-09-12,95.60009002685547,102.11000061035156,102.58999633789062,101.12000274658203,102.4000015258789,1303827
2023-09-13,95.21622467041016,101.69999694824219,102.1500015258789,101.01000213623047,102.1500015258789,1281734
2023-09-14,95.61882019042969,102.12999725341797,102.45999908447266,101.1500015258789,101.16999816894531,2242700
2023-09-15,96.5831527709961,103.16000366210938,103.56999969482422,102.68000030517578,103.0,4199986
2023-09-18,96.0869369506836,102.62999725341797,102.80000305175781,101.93000030517578,102.5999984741211,886664
2023-09-19,95.61882019042969,102.12999725341797,102.38999938964844,101.44000244140625,102.31999969482422,1806193
2023-09-20,95.34729766845703,101.83999633789062,102.48999786376953,101.44000244140625,102.2699966430664,2498953
2023-09-21,93.69952392578125,100.08000183105469,101.87999725341797,99.75,101.66999816894531,2447271
2023-09-22,93.68079376220703,100.05999755859375,100.05999755859375,98.0999984741211,98.5,3396755
2023-09-25,93.51225280761719,99.87999725341797,100.0,99.0199966430664,100.0,1014251
2023-09-26,93.69952392578125,100.08000183105469,100.37000274658203,99.26000213623047,99.69999694824219,1292290
2023-09-27,94.12081909179688,100.52999877929688,100.58000183105469,99.86000061035156,100.0,1346621
2023-09-28,93.57779693603516,99.94999694824219,100.73999786376953,99.55999755859375,100.48999786376953,1422062
2023-09-29,93.59652709960938,99.97000122070312,100.08000183105469,99.55999755859375,99.9800033569336,2444569
2023-10-02,93.48417663574219,99.8499984741211,99.97000122070312,98.91000366210938,99.36000061035156,1131578
2023-10-03,93.33438110351562,99.69000244140625,99.8499984741211,98.5,98.66000366210938,2702099
2023-10-04,91.83638000488281,98.08999633789062,99.13999938964844,97.5999984741211,99.0,2543630
2023-10-05,92.66964721679688,98.9800033569336,99.37999725341797,98.19999694824219,98.30000305175781,1726498
2023-10-06,93.66206359863281,100.04000091552734,100.65499877929688,98.9000015258789,99.05000305175781,2408410
2023-10-09,93.65269470214844,100.02999877929688,100.55999755859375,99.69999694824219,99.97000122070312,1108229
2023-10-10,94.27999114990234,100.69999694824219,101.19000244140625,100.29000091552734,100.98999786376953,2252750
2023-10-11,94.22380828857422,100.63999938964844,101.0,100.31999969482422,100.88999938964844,1577672
2023-10-12,95.12259674072266,101.5999984741211,102.22000122070312,100.61000061035156,101.16999816894531,2162969
2023-10-13,94.53277587890625,100.97000122070312,101.2300033569336,100.51000213623047,100.5999984741211,1473078
2023-10-16,94.25189971923828,100.66999816894531,100.83000183105469,100.25,100.5,1448174
2023-10-17,94.74810791015625,101.19999694824219,101.51000213623047,100.91999816894531,101.3499984741211,1210306
2023-10-18,94.9540786743164,101.41999816894531,101.73999786376953,101.0,101.18000030517578,1652838
2023-10-19,93.41864013671875,99.77999877929688,100.58000183105469,99.33000183105469,100.08999633789062,2642789
2023-10-20,92.45430755615234,98.75,99.77999877929688,98.31999969482422,99.08999633789062,2641664
2023-10-23,91.5835952758789,97.81999969482422,98.5999984741211,97.62999725341797,98.30000305175781,1348775
2023-10-24,91.81765747070312,98.06999969482422,98.63999938964844,98.0199966430664,98.37999725341797,1686722
2023-10-25,91.14356994628906,97.3499984741211,98.55000305175781,97.12000274658203,98.19999694824219,1662864
2023-10-26,90.81587219238281,97.0,97.25,96.4000015258789,96.98999786376953,2289128
2023-10-27,91.56487274169922,97.80000305175781,98.27999877929688,97.55000305175781,97.55000305175781,2273929
2023-10-30,90.08560943603516,96.22000122070312,96.78500366210938,96.1500015258789,96.72000122070312,2033713
2023-10-31,90.40392303466797,96.55999755859375,97.20999908447266,96.25,97.08999633789062,2533920
2023-11-01,90.69416809082031,96.87000274658203,96.97000122070312,96.30000305175781,96.9000015258789,2162550
2023-11-02,92.15470886230469,98.43000030517578,99.01000213623047,98.05999755859375,98.2699966430664,2307420
2023-11-03,93.55908203125,99.93000030517578,99.98999786376953,99.19999694824219,99.5999984741211,2507791
2023-11-06,94.01782989501953,100.41999816894531,101.26000213623047,99.75,99.83999633789062,2282526
2023-11-07,93.63397216796875,100.01000213623047,100.63999938964844,99.48999786376953,100.62999725341797,1806507
2023-11-08,94.2706298828125,100.69000244140625,101.05999755859375,100.20999908447266,100.58000183105469,1432581
2023-11-09,95.60009002685547,102.11000061035156,103.0,101.0999984741211,101.30000305175781,3152761
2023-11-10,94.8604507446289,101.31999969482422,101.87999725341797,101.01000213623047,101.75,1407582
2023-11-13,94.8510971069336,101.30999755859375,101.83999633789062,100.87000274658203,101.2300033569336,1472779
2023-11-14,95.75924682617188,102.27999877929688,102.63999938964844,101.62000274658203,102.3499984741211,2049690
2023-11-15,95.63754272460938,102.1500015258789,103.63999938964844,101.91999816894531,103.30000305175781,3169156
2023-11-16,95.76861572265625,102.29000091552734,102.87999725341797,101.8499984741211,102.80000305175781,1993737
2023-11-17,95.93714141845703,102.47000122070312,102.69000244140625,101.87000274658203,102.37999725341797,2729262
2023-11-20,96.59251403808594,103.16999816894531,103.31999969482422,102.69999694824219,102.80000305175781,1627761
2023-11-21,97.08872985839844,103.69999694824219,103.86000061035156,103.25,103.5199966430664,1970123
2023-11-22,97.1823501586914,103.80000305175781,104.30999755859375,103.37999725341797,103.4000015258789,1292108
2023-11-23,96.39590454101562,102.95999908447266,103.79000091552734,102.81999969482422,103.54000091552734,2421800
2023-11-24,97.07936096191406,103.69000244140625,104.05000305175781,103.0,103.0999984741211,1275404
2023-11-27,96.06822204589844,102.61000061035156,104.0199966430664,102.61000061035156,104.0199966430664,1288697
2023-11-28,96.75167083740234,103.33999633789062,103.86000061035156,102.3499984741211,102.5,1397249
2023-11-29,96.74231719970703,103.33000183105469,104.05000305175781,103.19999694824219,103.79000091552734,1277217
2023-11-30,97.98753356933594,104.66000366210938,104.66000366210938,103.25,103.55000305175781,5016298
2023-12-01,97.5474853515625,104.19000244140625,104.66000366210938,103.75,104.6500015258789,1781950
2023-12-04,98.4181900024414,105.12000274658203,105.58000183105469,104.58999633789062,104.94999694824219,2121950
2023-12-05,98.03433227539062,104.70999908447266,104.98999786376953,104.41000366210938,104.98999786376953,1417376
2023-12-06,99.56041717529297,106.33999633789062,106.72000122070312,105.23999786376953,105.48999786376953,3135300
2023-12-07,99.49486541748047,106.2699966430664,106.54000091552734,105.69999694824219,105.9800033569336,1747083
2023-12-08,99.65404510498047,106.44000244140625,106.44000244140625,105.22000122070312,105.7699966430664,1434178
2023-12-11,100.12216186523438,106.94000244140625,107.45500183105469,106.63999938964844,106.66999816894531,1395078
2023-12-12,100.56220245361328,107.41000366210938,107.63999938964844,106.6500015258789,106.7300033569336,1406122
2023-12-13,101.25502014160156,108.1500015258789,108.38999938964844,107.6050033569336,107.80000305175781,1727766
2023-12-14,102.53766632080078,109.5199966430664,109.5199966430664,108.62999725341797,108.91999816894531,2593767
2023-12-15,103.05260467529297,110.06999969482422,110.5,109.5199966430664,110.0,7159356
2023-12-18,102.98707580566406,110.0,110.12999725341797,109.13999938964844,109.5,1300270
2023-12-19,103.548828125,110.5999984741211,110.88999938964844,109.6500015258789,110.3499984741211,1966065
2023-12-20,103.8952407836914,110.97000122070312,111.1500015258789,110.6500015258789,110.80000305175781,2090455
2023-12-21,103.51136779785156,110.55999755859375,110.86000061035156,110.01000213623047,110.7300033569336,2830850
2023-12-22,103.4552001953125,110.5,110.83000183105469,110.16000366210938,110.19000244140625,3097447
2023-12-27,104.10121154785156,111.19000244140625,111.8499984741211,110.76000213623047,111.12000274658203,1017160
2023-12-28,105.13107299804688,112.29000091552734,112.29000091552734,111.55999755859375,111.80999755859375,1735707
2023-12-29,104.67232513427734,111.80000305175781,112.37000274658203,111.43000030517578,112.1500015258789,2170375
2024-01-02,106.36692810058594,113.61000061035156,113.61000061035156,111.79000091552734,111.8499984741211,1628690
2024-01-03,104.98127746582031,112.12999725341797,112.9800033569336,112.0199966430664,112.5999984741211,1207784
2024-01-04,104.38208770751953,111.48999786376953,112.32499694824219,110.94000244140625,112.30000305175781,1380616
2024-01-05,105.78644561767578,112.98999786376953,113.23999786376953,111.9000015258789,112.0,1502441
2024-01-08,104.8408432006836,111.9800033569336,113.22000122070312,111.87000274658203,112.76000213623047,1784232
2024-01-09,105.81453704833984,113.0199966430664,113.30000305175781,112.63999938964844,113.27999877929688,1510571
2024-01-10,104.89702606201172,112.04000091552734,113.30000305175781,112.04000091552734,112.97000122070312,1415900
2024-01-11,106.35755920410156,113.5999984741211,113.66000366210938,112.23999786376953,112.5,1667803
2024-01-12,106.38565063476562,113.62999725341797,113.80000305175781,112.80000305175781,113.0,1678657
2024-01-15,106.47927856445312,113.7300033569336,113.80000305175781,113.1500015258789,113.5,207240
2024-01-16,105.79581451416016,113.0,113.66000366210938,112.80000305175781,113.5,1896379
2024-01-17,105.16853332519531,112.33000183105469,112.98999786376953,111.70999908447266,112.81999969482422,2189913
2024-01-18,105.30896759033203,112.4800033569336,112.91000366210938,111.37000274658203,111.37000274658203,2131509
2024-01-19,106.05796813964844,113.27999877929688,113.9000015258789,112.70999908447266,113.12000274658203,4107588
2024-01-22,107.4810562133789,114.80000305175781,114.8499984741211,113.55000305175781,114.0,2353571
2024-01-23,108.2862319946289,115.66000366210938,115.9800033569336,114.70999908447266,114.9000015258789,2197384
2024-01-24,107.3874282836914,114.69999694824219,116.0,114.52999877929688,116.0,1509853
2024-01-25,107.5372314453125,114.86000061035156,115.13999938964844,114.0,115.0,1967920
2024-01-29,108.52964782714844,115.91999816894531,116.0,115.0,116.0,2017654
2024-01-30,108.65137481689453,116.05000305175781,116.94000244140625,115.7699966430664,116.12000274658203,1982285
2024-01-31,110.03700256347656,117.52999877929688,118.23999786376953,115.20500183105469,116.0,4128431
2024-02-01,106.82567596435547,114.0999984741211,116.80000305175781,114.0999984741211,116.6500015258789,2593915
2024-02-02,108.4266586303711,115.80999755859375,116.12000274658203,114.43000030517578,114.80999755859375,2545023
2024-02-05,108.11770629882812,115.4800033569336,115.4800033569336,113.97000122070312,115.0199966430664,1142496
2024-02-06,107.07847595214844,114.37000274658203,115.63999938964844,114.1500015258789,115.31999969482422,1997385
2024-02-07,107.24700164794922,114.55000305175781,115.63999938964844,114.22000122070312,114.91999816894531,1737069
2024-02-08,108.48284149169922,115.87000274658203,116.0,114.44000244140625,115.13999938964844,1366549
2024-02-09,108.8292465209961,116.23999786376953,116.75,116.01000213623047,116.2699966430664,2086972
2024-02-12,108.35176849365234,115.7300033569336,116.77999877929688,115.55000305175781,116.5,1005660
2024-02-13,108.60455322265625,116.0,117.75,116.0,117.26000213623047,1758908
2024-02-14,106.79759979248047,114.06999969482422,114.06999969482422,111.55999755859375,113.16000366210938,2740465
2024-02-15,106.88186645507812,114.16000366210938,115.16999816894531,113.26000213623047,113.5,2315896
2024-02-16,108.86669921875,116.27999877929688,116.27999877929688,114.77999877929688,115.75,3844462
2024-02-19,109.66250610351562,117.12999725341797,117.29000091552734,115.62000274658203,115.86000061035156,1386827
2024-02-20,109.49398040771484,116.94999694824219,117.80000305175781,116.05999755859375,117.4000015258789,1772794
2024-02-21,109.32230377197266,114.62000274658203,115.95999908447266,114.0999984741211,114.30999755859375,3281940
2024-02-22,109.16015625,114.44999694824219,115.0,113.30999755859375,115.0,1691941
2024-02-23,109.5226058959961,114.83000183105469,115.87999725341797,114.56999969482422,115.33000183105469,1576082
2024-02-26,110.56221771240234,115.91999816894531,115.98999786376953,115.06999969482422,115.31999969482422,1623264
2024-02-27,111.7067642211914,117.12000274658203,117.12000274658203,115.53500366210938,116.19999694824219,2199043
2024-02-28,110.60037231445312,115.95999908447266,117.30000305175781,115.66999816894531,117.25,1605950
2024-02-29,111.02957153320312,116.41000366210938,116.76000213623047,115.2300033569336,116.18000030517578,4036090
2024-03-01,111.93566131591797,117.36000061035156,117.36000061035156,116.19999694824219,116.75,1547236
2024-03-04,112.66053771972656,118.12000274658203,118.55000305175781,117.36000061035156,117.55000305175781,1657258
2024-03-05,111.53507232666016,116.94000244140625,118.69999694824219,116.7699966430664,118.5999984741211,1985735
2024-03-06,112.84175109863281,118.30999755859375,118.41000366210938,116.68000030517578,117.0,1499396
2024-03-07,113.7383041381836,119.25,119.37000274658203,118.38999938964844,118.5,2404787
2024-03-08,115.83662414550781,121.44999694824219,121.54000091552734,119.0199966430664,119.54000091552734,3693739
2024-03-11,112.6700668334961,118.12999725341797,120.2300033569336,117.93000030517578,119.98999786376953,1620096
2024-03-12,112.298095703125,117.73999786376953,120.08000183105469,117.51000213623047,119.0199966430664,1912342
2024-03-13,112.11688232421875,117.55000305175781,118.22000122070312,116.81999969482422,118.01000213623047,1749751
2024-03-14,110.84835815429688,116.22000122070312,117.55999755859375,115.33999633789062,117.54000091552734,1972503
2024-03-15,110.19978332519531,115.54000091552734,115.54000091552734,114.0,115.0,5370902
2024-03-18,111.07725524902344,116.45999908447266,116.55999755859375,115.2699966430664,115.4000015258789,1471598
2024-03-19,110.4286880493164,115.77999877929688,116.44000244140625,115.33000183105469,116.43000030517578,1817662
2024-03-20,110.30469512939453,115.6500015258789,116.87000274658203,115.6500015258789,116.30000305175781,2011037
2024-03-21,112.54608154296875,118.0,118.05000305175781,116.54000091552734,117.0999984741211,3579903
2024-03-22,112.05011749267578,117.4800033569336,118.3499984741211,116.55999755859375,118.30000305175781,3825604
2024-03-25,113.29956817626953,118.79000091552734,118.98999786376953,117.48999786376953,118.25,1974708
2024-03-26,113.11834716796875,118.5999984741211,119.48500061035156,118.56999969482422,118.9000015258789,1676353
2024-03-27,114.45365142822266,120.0,120.19000244140625,118.51000213623047,118.7699966430664,2340622
2024-03-28,114.77792358398438,120.33999633789062,120.55999755859375,119.4000015258789,120.55999755859375,2679602
2024-04-02,114.5204086303711,120.06999969482422,120.5999984741211,119.30000305175781,119.4000015258789,2314881
2024-04-03,112.36486053466797,117.80999755859375,119.93000030517578,117.63999938964844,119.62999725341797,2016061
2024-04-04,112.8799057006836,118.3499984741211,119.06999969482422,117.97000122070312,118.5999984741211,1282364
2024-04-05,112.58423614501953,118.04000091552734,118.16999816894531,116.62999725341797,117.06999969482422,1387617
2024-04-08,112.72731018066406,118.19000244140625,119.0199966430664,117.69999694824219,118.77999877929688,1168997
2024-04-09,113.64293670654297,119.1500015258789,119.1500015258789,118.4800033569336,118.72000122070312,949230
2024-04-10,112.74638366699219,118.20999908447266,119.20999908447266,117.9800033569336,119.1500015258789,1720573
2024-04-11,111.41107940673828,116.80999755859375,116.98999786376953,116.0999984741211,116.33999633789062,1787099
2024-04-12,110.86742401123047,116.23999786376953,116.69000244140625,116.01000213623047,116.37000274658203,1381123
2024-04-15,109.34138488769531,114.63999938964844,115.30000305175781,114.29499816894531,115.19999694824219,2434316
2024-04-16,107.01415252685547,112.19999694824219,113.73999786376953,111.62999725341797,113.58000183105469,3022718
2024-04-17,106.76617431640625,111.94000244140625,112.80000305175781,111.94000244140625,112.16000366210938,1405392
2024-04-18,107.51966094970703,112.7300033569336,113.16000366210938,111.7300033569336,111.7300033569336,1583905
2024-04-19,106.68987274169922,111.86000061035156,112.51000213623047,109.94000244140625,111.6500015258789,3479032
2024-04-22,107.6627197265625,112.87999725341797,113.68000030517578,112.38999938964844,113.08999633789062,1916178
2024-04-23,109.2841567993164,114.58000183105469,114.58000183105469,113.69999694824219,114.0,1197831
2024-04-24,109.68473815917969,115.0,115.8499984741211,115.0,115.5,1600191
2024-04-26,107.76763916015625,112.98999786376953,114.55999755859375,112.7699966430664,114.44999694824219,1672386
2024-04-29,108.5783462524414,113.83999633789062,114.19999694824219,113.66000366210938,114.0,1374832
2024-04-30,109.24600219726562,114.54000091552734,114.54000091552734,113.41999816894531,113.6500015258789,1315376
2024-05-01,108.65465545654297,113.91999816894531,114.11000061035156,113.0,113.5999984741211,1092138
2024-05-02,109.68473815917969,115.0,115.83999633789062,114.0199966430664,114.69000244140625,1545052
2024-05-03,109.90411376953125,115.2300033569336,115.76000213623047,114.73999786376953,115.76000213623047,1212181
2024-05-06,111.20124053955078,116.58999633789062,116.58999633789062,115.77999877929688,116.01000213623047,1426516
2024-05-07,113.49986267089844,119.0,119.0,116.88999938964844,117.56999969482422,2692665
2024-05-08,114.2056655883789,119.73999786376953,119.9000015258789,118.45999908447266,119.5,2104415
2024-05-09,111.67813873291016,117.08999633789062,119.69999694824219,117.08999633789062,119.69999694824219,1837558
2024-05-10,112.10734558105469,117.54000091552734,118.3499984741211,117.25,117.70999908447266,1483110
2024-05-13,113.61431884765625,119.12000274658203,119.12000274658203,117.05999755859375,117.54000091552734,1751999
2024-05-14,113.81461334228516,119.33000183105469,119.33000183105469,118.53500366210938,118.69999694824219,1472592
2024-05-15,114.38687896728516,119.93000030517578,120.06999969482422,119.27999877929688,119.5,1820801
2024-05-16,116.60919189453125,122.26000213623047,122.55000305175781,120.19999694824219,121.0,3208604
2024-05-17,115.4455795288086,121.04000091552734,121.79000091552734,120.33999633789062,121.5,3747916
2024-05-20,116.14183044433594,121.7699966430664,121.86000061035156,120.94999694824219,121.0,1224873
2024-05-21,116.1609115600586,121.79000091552734,121.79000091552734,120.91999816894531,121.69000244140625,1554701
2024-05-22,115.88430786132812,121.5,122.3499984741211,121.30000305175781,122.06999969482422,1428336
2024-05-23,115.14990234375,120.7300033569336,121.0,120.2300033569336,120.72000122070312,1535204
2024-05-24,113.3758773803711,118.87000274658203,119.5,118.08000183105469,119.0199966430664,1902826
2024-05-27,114.54901885986328,120.0999984741211,120.33000183105469,119.7300033569336,119.7300033569336,1111552
2024-05-28,114.74931335449219,120.30999755859375,120.33000183105469,119.51000213623047,120.08999633789062,1699877
2024-05-29,112.870361328125,118.33999633789062,119.48999786376953,117.88999938964844,119.37999725341797,1768394
2024-05-30,112.53653717041016,117.98999786376953,118.41999816894531,116.63999938964844,117.0999984741211,1327847
2024-05-31,114.01490020751953,119.54000091552734,119.54000091552734,118.52999877929688,118.80000305175781,3397759
2024-06-03,115.68402862548828,121.29000091552734,121.29000091552734,120.22000122070312,120.33999633789062,1686338
2024-06-04,116.79993438720703,122.45999908447266,122.48999786376953,121.05000305175781,121.1500015258789,2230997
2024-06-05,117.76326751708984,123.47000122070312,123.94999694824219,122.81999969482422,123.16999816894531,2389848
2024-06-06,119.07947540283203,124.8499984741211,125.97000122070312,124.20999908447266,124.5,2636419
2024-06-07,119.74712371826172,125.55000305175781,125.55000305175781,124.08000183105469,125.0,1414714
2024-06-11,119.15577697753906,124.93000030517578,125.02999877929688,123.72000122070312,124.05000305175781,2514626
2024-06-12,118.3641357421875,124.0999984741211,124.59500122070312,123.4000015258789,124.3499984741211,1809137
2024-06-13,119.68036651611328,125.4800033569336,125.69000244140625,124.9000015258789,125.33000183105469,2582193
2024-06-14,119.5182113647461,125.30999755859375,125.5999984741211,124.8499984741211,125.36000061035156,1597350
2024-06-17,119.68989562988281,125.48999786376953,125.5999984741211,124.76000213623047,124.98999786376953,1531082
2024-06-18,122.06481170654297,127.9800033569336,127.98999786376953,126.19999694824219,126.58000183105469,2236320
2024-06-19,121.07288360595703,126.94000244140625,127.87999725341797,126.7699966430664,127.79000091552734,2012104
2024-06-20,121.84544372558594,127.75,127.83999633789062,126.52999877929688,126.6500015258789,3548847
2024-06-21,121.7786865234375,127.68000030517578,128.25,125.9000015258789,128.0,7145883
2024-06-24,120.9393539428711,126.80000305175781,127.98999786376953,126.80000305175781,127.5999984741211,1767854
2024-06-25,122.68477630615234,128.6300048828125,128.67999267578125,127.51000213623047,128.11000061035156,2092832
2024-06-26,121.03473663330078,126.9000015258789,128.08999633789062,126.63500213623047,127.63999938964844,1900389
2024-06-27,120.36708068847656,126.19999694824219,126.19999694824219,124.3499984741211,125.0,2021794
2024-06-28,121.49253845214844,127.37999725341797,127.61000061035156,126.2699966430664,127.0,2190551
2024-07-01,120.36708068847656,126.19999694824219,126.52999877929688,125.43000030517578,126.44000244140625,1585105
2024-07-02,119.85204315185547,125.66000366210938,126.19999694824219,125.4000015258789,125.80000305175781,1457744
2024-07-03,119.58497619628906,125.37999725341797,126.44000244140625,124.80000305175781,126.2300033569336,1441307
2024-07-04,121.95036315917969,127.86000061035156,127.86000061035156,126.19000244140625,126.51000213623047,1394064
2024-07-05,121.22547912597656,127.0999984741211,127.8499984741211,126.6500015258789,127.58000183105469,1084617
2024-07-08,120.62460327148438,126.47000122070312,127.16999816894531,126.08999633789062,126.9000015258789,1027669
2024-07-09,122.74199676513672,128.69000244140625,128.97000122070312,126.9800033569336,127.5,1781761
2024-07-10,122.59892272949219,128.5399932861328,128.5399932861328,127.26000213623047,128.0,1246766
2024-07-11,123.91514587402344,129.9199981689453,130.3000030517578,129.3000030517578,130.1699981689453,1598054
2024-07-12,125.57472229003906,131.66000366210938,131.83999633789062,129.88999938964844,130.8000030517578,1965561
2024-07-15,126.55712127685547,132.69000244140625,133.3000030517578,131.89999389648438,132.75,1364623
2024-07-16,126.31867980957031,132.44000244140625,133.0800018310547,132.02000427246094,132.42999267578125,1732649
2024-07-17,127.32968139648438,133.5,134.25,132.0,132.5,1919380
2024-07-18,126.52850341796875,132.66000366210938,134.0,131.91000366210938,133.24000549316406,2061262
2024-07-19,125.5461196899414,131.6300048828125,131.6300048828125,130.39999389648438,130.86000061035156,4022762
2024-07-22,125.59378814697266,131.67999267578125,131.67999267578125,130.17999267578125,130.50999450683594,1192662
2024-07-23,126.986328125,133.13999938964844,133.30999755859375,132.10000610351562,132.58999633789062,1351942
2024-07-24,126.64295196533203,132.77999877929688,133.10000610351562,132.27000427246094,132.60000610351562,1130255
2024-07-25,126.4712905883789,132.60000610351562,132.60000610351562,131.1999969482422,131.35000610351562,1796200
2024-07-26,126.986328125,133.13999938964844,133.4600067138672,132.52999877929688,133.36000061035156,1901929
2024-07-29,128.66494750976562,134.89999389648438,134.89999389648438,133.8000030517578,133.8300018310547,1391737
2024-07-30,129.6664276123047,135.9499969482422,135.9499969482422,133.2899932861328,133.50999450683594,1937077
2024-07-31,131.13526916503906,137.49000549316406,137.52999877929688,135.60000610351562,136.33999633789062,2235562
2024-08-01,129.97166442871094,136.27000427246094,138.24000549316406,136.27000427246094,138.2100067138672,1586163
2024-08-02,126.33776092529297,132.4600067138672,134.25,131.66000366210938,133.5,3839143
2024-08-05,119.11763000488281,124.88999938964844,130.77999877929688,124.88999938964844,130.60000610351562,3591234
2024-08-06,121.78822326660156,127.69000244140625,128.4199981689453,125.5,125.5,2570052
2024-08-07,121.45439147949219,127.33999633789062,128.2100067138672,126.7300033569336,126.87999725341797,1843515
2024-08-08,123.14258575439453,129.11000061035156,129.11000061035156,126.95999908447266,127.3499984741211,1663083
2024-08-09,123.56224822998047,129.5500030517578,130.22999572753906,128.8800048828125,130.0,1941651
2024-08-12,124.49695587158203,130.52999877929688,131.0399932861328,130.14999389648438,130.6999969482422,886756
2024-08-13,126.39496612548828,132.52000427246094,132.52000427246094,130.22999572753906,130.42999267578125,1465262
2024-08-14,128.00686645507812,134.2100067138672,134.58999633789062,132.7100067138672,134.5,1734568
2024-08-15,128.66494750976562,134.89999389648438,136.08999633789062,133.94000244140625,134.0,2248327
2024-08-16,131.7456817626953,138.1300048828125,138.1300048828125,136.5399932861328,137.0399932861328,4427410
2024-08-19,132.8139190673828,139.25,139.25,137.3699951171875,137.72000122070312,1937287
2024-08-20,133.14773559570312,139.60000610351562,141.33999633789062,139.02499389648438,140.25,1651316
2024-08-21,132.10858154296875,136.02999877929688,138.3699951171875,135.64999389648438,138.22000122070312,3533301
2024-08-22,132.52618408203125,136.4600067138672,136.99000549316406,135.97999572753906,136.9499969482422,1565951
2024-08-23,132.8563995361328,136.8000030517578,136.8000030517578,135.85000610351562,136.39999389648438,1738992
2024-08-26,134.80844116210938,138.80999755859375,139.2899932861328,137.17999267578125,137.50999450683594,1888745
2024-08-27,133.4682159423828,137.42999267578125,138.49000549316406,136.8000030517578,138.33999633789062,2163558
2024-08-28,134.57537841796875,138.57000732421875,138.57000732421875,136.1999969482422,136.9499969482422,2608279
2024-08-29,134.79873657226562,138.8000030517578,139.3300018310547,138.02999877929688,138.35000610351562,2115830
2024-08-30,135.4785614013672,139.5,139.8800048828125,139.0,139.4499969482422,4322628
2024-09-02,137.68312072753906,141.77000427246094,141.8699951171875,138.6699981689453,139.35000610351562,1751323
2024-09-03,139.2467041015625,143.3800048828125,143.3800048828125,141.4499969482422,141.63999938964844,1892624
2024-09-04,135.9058837890625,139.94000244140625,141.57000732421875,139.0449981689453,141.5,2211376
2024-09-05,137.2752227783203,141.35000610351562,141.85000610351562,140.33999633789062,140.6300048828125,1585378
2024-09-06,139.3341064453125,143.47000122070312,144.25,141.39999389648438,141.77999877929688,2666532
2024-09-09,138.82908630371094,142.9499969482422,143.0,140.5,140.8699951171875,1988596
2024-09-10,139.62545776367188,143.77000427246094,145.24000549316406,143.19000244140625,144.05999755859375,2029126
2024-09-11,136.98387145996094,141.0500030517578,143.49000549316406,140.7899932861328,143.39999389648438,2649391
2024-09-12,138.83880615234375,142.9600067138672,143.07000732421875,141.66000366210938,141.9600067138672,1811911
2024-09-13,137.56655883789062,141.64999389648438,143.5800018310547,140.94000244140625,143.39999389648438,1991893
2024-09-16,138.86795043945312,142.99000549316406,143.1199951171875,141.85000610351562,142.0500030517578,1751879
2024-09-17,138.91650390625,143.0399932861328,144.0,143.02999877929688,144.0,1556054
2024-09-18,139.18844604492188,143.32000732421875,143.75,142.36000061035156,142.64999389648438,1505418
2024-09-19,139.86825561523438,144.02000427246094,145.0,143.17999267578125,144.5,3443075
2024-09-20,140.33441162109375,144.5,144.8300018310547,143.57000732421875,144.5,6443818
2024-09-23,138.28524780273438,142.38999938964844,143.7899932861328,142.30999755859375,143.5500030517578,1459099
2024-09-24,134.080078125,138.05999755859375,142.88999938964844,138.05999755859375,142.50999450683594,3339377
2024-09-25,131.00144958496094,134.88999938964844,138.44000244140625,134.5,138.0,3752515
2024-09-26,130.47702026367188,134.35000610351562,136.49000549316406,133.4199981689453,135.99000549316406,2993957
2024-09-27,130.29251098632812,134.16000366210938,134.5,133.0,134.3000030517578,2154557
2024-09-30,131.48703002929688,135.38999938964844,136.11000061035156,134.32000732421875,134.5,3416736
2024-10-01,129.49612426757812,133.33999633789062,135.0,132.67999267578125,135.0,1744679
2024-10-02,130.32164001464844,134.19000244140625,134.19000244140625,132.10000610351562,132.16000366210938,2344849
2024-10-03,130.72952270507812,134.61000061035156,135.39999389648438,134.25,135.39999389648438,1851459
2024-10-04,128.91343688964844,132.74000549316406,133.5,132.52000427246094,133.10000610351562,1502412
2024-10-07,130.88491821289062,134.77000427246094,135.0800018310547,133.1300048828125,133.82000732421875,934904
2024-10-08,131.0791473388672,134.97000122070312,136.02999877929688,133.50999450683594,134.3699951171875,1587040
2024-10-09,131.72012329101562,135.6300048828125,136.5749969482422,135.60000610351562,136.47999572753906,1218703
2024-10-10,132.26397705078125,136.19000244140625,136.9499969482422,135.82000732421875,136.66000366210938,1622621
2024-10-11,131.72982788085938,135.63999938964844,136.07000732421875,134.8800048828125,135.8800048828125,1423248
2024-10-14,132.87582397460938,136.82000732421875,137.1999969482422,136.02999877929688,136.89999389648438,1020864
2024-10-15,135.27459716796875,139.2899932861328,139.69000244140625,137.9499969482422,138.41000366210938,1849572
2024-10-16,135.76991271972656,139.8000030517578,140.27000427246094,138.39999389648438,138.89999389648438,1708261
2024-10-17,137.906494140625,142.0,142.0,140.35000610351562,141.3000030517578,3271793
2024-10-18,138.73199462890625,142.85000610351562,142.85000610351562,141.4600067138672,141.89999389648438,3075255
2024-10-21,140.28585815429688,144.4499969482422,144.4499969482422,143.10000610351562,143.5,1753172
2024-10-22,137.15867614746094,141.22999572753906,143.9199981689453,141.00999450683594,143.11000061035156,1577016
2024-10-23,137.6928253173828,141.77999877929688,141.92999267578125,140.57000732421875,140.66000366210938,741238
2024-10-24,139.29525756835938,143.42999267578125,144.0,141.36000061035156,141.75999450683594,1337219
2024-10-25,139.86825561523438,144.02000427246094,144.1699981689453,142.8300018310547,143.77000427246094,1271615
2024-10-28,138.74169921875,142.86000061035156,144.1199951171875,142.22999572753906,144.0,1013407
2024-10-29,140.01393127441406,144.1699981689453,144.47999572753906,142.99000549316406,143.39999389648438,1941541
2024-10-30,138.80966186523438,142.92999267578125,144.0,141.8000030517578,144.0,1231647
2024-10-31,138.63487243652344,142.75,143.64999389648438,141.64999389648438,142.22999572753906,2175927
2024-11-01,137.99388122558594,142.08999633789062,142.22000122070312,140.39999389648438,141.64999389648438,1495906
2024-11-04,140.18875122070312,144.35000610351562,144.44000244140625,141.02999877929688,142.88999938964844,1396336
2024-11-05,139.7031707763672,143.85000610351562,144.39999389648438,142.8000030517578,144.35000610351562,1165546
2024-11-06,141.26675415039062,145.4600067138672,145.60000610351562,144.32000732421875,144.5,1384689
2024-11-07,143.0148468017578,147.25999450683594,147.25999450683594,143.89999389648438,145.99000549316406,1775473
2024-11-08,145.01547241210938,149.32000732421875,149.72999572753906,147.41000366210938,148.41000366210938,1953987
2024-11-11,145.471923828125,149.7899932861328,150.34500122070312,148.86000061035156,149.3000030517578,2056899
2024-11-12,145.9186553955078,150.25,150.85000610351562,148.75,150.60000610351562,1574831
2024-11-13,145.30682373046875,149.6199951171875,149.6199951171875,147.64999389648438,148.0500030517578,1812592
2024-11-14,148.43399047851562,152.83999633789062,152.83999633789062,150.42999267578125,150.88999938964844,1822727
2024-11-15,150.65798950195312,155.1300048828125,154.94500732421875,152.52999877929688,154.0,2493400
2024-11-18,148.6088104248047,153.02000427246094,153.88999938964844,152.0500030517578,153.3800048828125,2012422
2024-11-19,151.1241455078125,155.61000061035156,157.27999877929688,152.4199981689453,153.0,2361297
2024-11-20,151.8719482421875,156.3800048828125,156.88999938964844,155.13999938964844,155.61000061035156,1749644
2024-11-21,151.73597717285156,156.24000549316406,157.0500030517578,154.8800048828125,156.6699981689453,1859501
2024-11-22,154.445556640625,159.02999877929688,159.16000366210938,156.63999938964844,157.00999450683594,3988790
2024-11-25,155.52354431152344,160.13999938964844,160.27000427246094,158.33999633789062,160.0,3945712
2024-11-26,150.00729370117188,154.4600067138672,160.0,154.10000610351562,160.0,2006021
2024-11-27,153.02764892578125,157.57000732421875,157.8000030517578,155.89500427246094,156.0,1932684
2024-11-28,154.00852966308594,158.5800018310547,159.4499969482422,158.0399932861328,158.52999877929688,1379244
2024-11-29,154.00852966308594,158.5800018310547,158.5800018310547,156.50999450683594,157.0,2141565
2024-12-02,153.62977600097656,158.19000244140625,159.5,157.5800018310547,159.5,1160349
2024-12-03,153.23158264160156,157.77999877929688,159.19000244140625,157.77999877929688,158.50999450683594,1926463
2024-12-04,152.4060821533203,156.92999267578125,157.32000732421875,156.13999938964844,156.77999877929688,1233214
2024-12-05,153.43553161621094,157.99000549316406,158.39999389648438,157.67999267578125,158.25,1357790
2024-12-06,152.53233337402344,157.05999755859375,158.97999572753906,157.05999755859375,158.67999267578125,1645382
2024-12-09,154.78546142578125,159.3800048828125,159.3800048828125,155.9199981689453,157.0,1679852
2024-12-10,153.08592224121094,157.6300048828125,158.35000610351562,155.4499969482422,158.3000030517578,2413796
2024-12-11,152.9790802001953,157.52000427246094,158.1199951171875,156.41000366210938,157.9199981689453,1478648
2024-12-12,152.9790802001953,157.52000427246094,158.52999877929688,157.1199951171875,157.69000244140625,1065886
2024-12-13,153.64920043945312,158.2100067138672,158.27999877929688,156.3000030517578,157.0,1347793
2024-12-16,154.06680297851562,158.63999938964844,158.92999267578125,157.6300048828125,158.3000030517578,1709323
2024-12-17,156.48501586914062,161.1300048828125,161.2949981689453,158.0,158.61000061035156,2381043
2024-12-18,155.12538146972656,159.72999572753906,161.3699951171875,159.02999877929688,161.10000610351562,1827986
2024-12-19,151.49319458007812,155.99000549316406,157.44500732421875,155.5,157.0,3458022
2024-12-20,145.92835998535156,150.25999450683594,155.72999572753906,150.25999450683594,155.57000732421875,7340421
2024-12-23,150.220947265625,154.67999267578125,154.67999267578125,151.50999450683594,151.99000549316406,1324530
2024-12-24,150.6482696533203,155.1199951171875,155.47000122070312,153.8699951171875,154.3800048828125,679055
2024-12-27,151.70684814453125,156.2100067138672,156.2100067138672,154.72000122070312,155.64999389648438,1175643
2024-12-30,150.6094207763672,155.0800018310547,155.72999572753906,154.07000732421875,155.4199981689453,817557
